district,state,lat,lng,soil_ec_ds_m,max_temp_c,annual_rainfall_mm,tribal_percent,soil_type,climate_zone
Anantapur,Andhra Pradesh,17.0927,79.0787,1.09,31,2417,7.1,Red Loam,Coastal
Chittoor,Andhra Pradesh,14.451,79.9037,0.57,32,1887,8.0,Red Loam,Coastal
East Godavari,Andhra Pradesh,14.8796,81.1006,0.79,38,1442,11.1,Black,Tropical Wet-Dry
Guntur,Andhra Pradesh,17.1317,81.4391,1.25,44,785,34.5,Laterite,Semi-Arid
Krishna,Andhra Pradesh,15.1105,80.2952,0.74,35,2270,10.8,Clay,Coastal
Kurnool,Andhra Pradesh,16.6167,79.2978,1.55,40,481,31.1,Alluvial,Semi-Arid
Prakasam,Andhra Pradesh,16.9177,80.8924,1.06,33,3012,2.4,Alluvial,Coastal
Srikakulam,Andhra Pradesh,17.6087,79.2653,1.0,37,417,18.1,Clay,Semi-Arid
Visakhapatnam,Andhra Pradesh,14.3054,80.772,0.73,38,848,39.2,Alluvial,Tropical Wet-Dry
Vizianagaram,Andhra Pradesh,17.2744,81.1324,1.1,34,3362,13.9,Laterite,Coastal
West Godavari,Andhra Pradesh,15.0685,78.7075,1.02,42,768,24.9,Red Sandy,Semi-Arid
YSR Kadapa,Andhra Pradesh,13.9814,80.6309,1.6,31,2222,12.7,Loamy,Coastal
Adilabad,Telangana,18.333,77.5602,1.19,33,1303,28.3,Red Sandy,Tropical Wet-Dry
Hyderabad,Telangana,19.7401,78.5143,1.0,39,436,13.8,Alluvial,Semi-Arid
Karimnagar,Telangana,16.4447,78.1079,1.29,36,440,6.6,Black,Semi-Arid
Khammam,Telangana,17.804,77.4921,0.98,38,1149,17.9,Laterite,Tropical Wet-Dry
Mahbubnagar,Telangana,20.0999,77.8064,0.98,42,506,15.3,Red Sandy,Semi-Arid
Medak,Telangana,17.8425,77.6767,0.22,38,1496,12.3,Alluvial,Tropical Wet-Dry
Nalgonda,Telangana,16.153,80.94,1.4,37,577,26.3,Alluvial,Semi-Arid
Nizamabad,Telangana,19.6803,80.4767,1.97,35,803,31.0,Loamy,Semi-Arid
Rangareddy,Telangana,17.2926,78.542,1.3,36,541,20.2,Red Sandy,Semi-Arid
Warangal,Telangana,19.3008,80.7413,0.27,37,1596,36.1,Loamy,Tropical Wet-Dry
Ahmednagar,Maharashtra,19.247,75.371,1.92,42,532,17.9,Alluvial,Semi-Arid
Akola,Maharashtra,18.5599,75.2726,1.99,40,531,25.6,Red Sandy,Semi-Arid
Amravati,Maharashtra,21.3721,74.1227,1.91,37,421,32.5,Laterite,Semi-Arid
Aurangabad,Maharashtra,20.4581,74.5834,0.51,40,1423,17.8,Black,Tropical Wet-Dry
Beed,Maharashtra,20.3027,73.9203,0.5,35,1540,39.8,Alluvial,Tropical Wet-Dry
Bhandara,Maharashtra,18.3407,75.6434,0.59,40,1254,34.9,Alluvial,Tropical Wet-Dry
Buldhana,Maharashtra,20.5498,76.6477,0.96,36,869,19.3,Alluvial,Semi-Arid
Chandrapur,Maharashtra,19.0366,74.8276,1.05,35,1120,24.0,Black,Tropical Wet-Dry
Dhule,Maharashtra,18.4058,75.6134,1.01,40,1557,23.3,Clay,Tropical Wet-Dry
Gadchiroli,Maharashtra,18.6797,74.2758,1.1,38,1345,36.5,Alluvial,Tropical Wet-Dry
Gondia,Maharashtra,20.6331,76.7227,1.8,39,649,9.2,Alluvial,Semi-Arid
Hingoli,Maharashtra,20.7654,77.2548,1.01,35,1538,24.1,Alluvial,Tropical Wet-Dry
Jalgaon,Maharashtra,20.4847,77.0411,1.4,44,427,18.6,Red Sandy,Semi-Arid
Jalna,Maharashtra,21.3515,75.0632,1.13,42,1521,33.0,Red Loam,Tropical Wet-Dry
Kolhapur,Maharashtra,20.5157,76.5018,0.67,41,807,14.5,Alluvial,Semi-Arid
Latur,Maharashtra,19.7316,75.3185,0.57,38,1357,45.8,Red Sandy,Tropical Wet-Dry
Mumbai,Maharashtra,18.8669,74.0675,1.14,41,1342,14.5,Clay,Tropical Wet-Dry
Nagpur,Maharashtra,18.4569,77.1341,1.08,41,872,17.2,Laterite,Tropical Wet-Dry
Nanded,Maharashtra,18.4577,77.0734,0.63,34,1324,25.9,Loamy,Tropical Wet-Dry
Nandurbar,Maharashtra,19.0212,74.0086,0.99,34,1491,42.1,Red Sandy,Tropical Wet-Dry
Nashik,Maharashtra,18.0105,74.232,0.66,34,1342,43.5,Black,Tropical Wet-Dry
Osmanabad,Maharashtra,20.7706,75.2657,1.08,33,1223,10.6,Red Loam,Tropical Wet-Dry
Parbhani,Maharashtra,20.051,73.844,0.43,35,1251,21.8,Laterite,Tropical Wet-Dry
Pune,Maharashtra,20.8005,76.939,1.65,39,419,21.8,Laterite,Semi-Arid
Raigad,Maharashtra,19.7768,74.498,1.32,35,413,7.6,Loamy,Semi-Arid
Ratnagiri,Maharashtra,20.5982,77.5614,1.08,35,1570,39.1,Alluvial,Tropical Wet-Dry
Sangli,Maharashtra,18.6302,75.0629,1.58,43,514,18.5,Red Sandy,Semi-Arid
Satara,Maharashtra,18.0705,76.8303,0.89,40,1023,22.5,Clay,Tropical Wet-Dry
Sindhudurg,Maharashtra,18.826,76.8494,0.7,44,853,18.8,Alluvial,Semi-Arid
Solapur,Maharashtra,19.5596,76.9466,0.25,33,1316,15.5,Clay,Tropical Wet-Dry
Thane,Maharashtra,17.8872,73.7619,1.1,39,884,23.6,Loamy,Tropical Wet-Dry
Wardha,Maharashtra,19.3188,77.5533,0.22,32,1255,47.0,Laterite,Tropical Wet-Dry
Washim,Maharashtra,18.2549,75.0751,1.14,42,1297,24.7,Black,Tropical Wet-Dry
Yavatmal,Maharashtra,17.9871,74.0216,0.69,42,590,24.4,Laterite,Semi-Arid
Bagalkot,Karnataka,17.1895,77.4589,1.5,30,2357,6.8,Red Loam,Coastal
Bangalore,Karnataka,16.0686,76.9487,0.22,39,1450,13.7,Alluvial,Tropical Wet-Dry
Belgaum,Karnataka,13.9266,73.9244,0.84,39,687,14.2,Clay,Semi-Arid
Bellary,Karnataka,16.1759,75.0773,0.33,39,936,38.4,Red Loam,Tropical Wet-Dry
Bidar,Karnataka,13.6148,74.2384,0.62,38,861,22.2,Red Sandy,Semi-Arid
Bijapur,Karnataka,15.8082,75.0065,2.27,35,1813,12.8,Red Loam,Coastal
Chamarajanagar,Karnataka,14.245,73.7862,2.5,35,2437,1.6,Red Loam,Coastal
Chikmagalur,Karnataka,16.6896,75.38,1.81,31,2988,2.8,Loamy,Coastal
Chitradurga,Karnataka,15.255,74.8439,1.93,37,551,10.4,Laterite,Semi-Arid
Dakshina Kannada,Karnataka,16.7418,76.9113,0.91,34,1193,34.6,Red Sandy,Tropical Wet-Dry
Davanagere,Karnataka,13.6712,75.3912,2.1,34,2905,20.0,Red Sandy,Coastal
Dharwad,Karnataka,16.4622,76.1944,1.74,36,1733,18.8,Loamy,Coastal
Gadag,Karnataka,17.2614,76.653,0.56,35,1511,16.7,Red Sandy,Tropical Wet-Dry
Gulbarga,Karnataka,14.5578,75.6041,1.92,42,616,19.4,Red Loam,Semi-Arid
Hassan,Karnataka,14.1652,75.3977,1.02,42,1114,27.5,Clay,Tropical Wet-Dry
Haveri,Karnataka,15.1899,76.7268,0.59,32,1468,17.8,Clay,Tropical Wet-Dry
Kodagu,Karnataka,16.1766,76.3711,1.84,39,752,24.0,Laterite,Semi-Arid
Kolar,Karnataka,14.2332,74.8006,0.97,33,856,32.1,Black,Tropical Wet-Dry
Koppal,Karnataka,16.9763,76.4575,0.96,31,1953,3.4,Black,Coastal
Mandya,Karnataka,16.0246,76.2633,1.83,35,2525,15.9,Red Loam,Coastal
Mysore,Karnataka,14.7009,76.8,0.83,35,1957,15.2,Loamy,Coastal
Raichur,Karnataka,14.4241,75.6477,0.96,41,1506,46.4,Laterite,Tropical Wet-Dry
Shimoga,Karnataka,15.7963,74.5324,0.42,39,727,7.7,Black,Semi-Arid
Tumkur,Karnataka,14.4941,74.4475,1.11,30,1803,10.1,Red Loam,Coastal
Udupi,Karnataka,15.1456,77.4324,0.65,42,503,28.6,Alluvial,Semi-Arid
Uttara Kannada,Karnataka,16.707,75.8306,0.53,35,1155,18.2,Alluvial,Tropical Wet-Dry
Ariyalur,Tamil Nadu,12.6036,79.0752,1.34,39,730,21.1,Alluvial,Semi-Arid
Chennai,Tamil Nadu,12.1079,77.2998,1.22,40,449,21.2,Alluvial,Semi-Arid
Coimbatore,Tamil Nadu,11.1854,80.3333,1.08,38,946,17.4,Clay,Tropical Wet-Dry
Cuddalore,Tamil Nadu,11.8702,77.7508,0.75,35,3011,15.5,Clay,Coastal
Dharmapuri,Tamil Nadu,9.3926,77.2969,1.36,38,490,14.1,Loamy,Semi-Arid
Dindigul,Tamil Nadu,10.4286,78.1918,1.66,31,1516,4.2,Clay,Coastal
Erode,Tamil Nadu,9.3695,77.3928,0.55,36,849,28.6,Alluvial,Tropical Wet-Dry
Kanchipuram,Tamil Nadu,11.8907,78.2618,1.85,40,428,28.0,Loamy,Semi-Arid
Kanyakumari,Tamil Nadu,9.9232,78.1252,0.7,43,754,31.1,Clay,Semi-Arid
Karur,Tamil Nadu,9.5916,79.6456,1.02,36,2074,6.5,Laterite,Coastal
Krishnagiri,Tamil Nadu,9.1423,77.3303,0.51,35,1257,34.8,Alluvial,Tropical Wet-Dry
Madurai,Tamil Nadu,11.543,80.0673,0.74,41,540,32.8,Clay,Semi-Arid
Nagapattinam,Tamil Nadu,10.2989,80.6292,0.94,35,599,26.9,Black,Semi-Arid
Namakkal,Tamil Nadu,9.527,79.721,0.3,41,1420,28.5,Laterite,Tropical Wet-Dry
Perambalur,Tamil Nadu,9.4327,78.1395,1.05,41,849,10.0,Laterite,Semi-Arid
Pudukkottai,Tamil Nadu,10.3599,79.4772,1.17,34,1756,16.6,Laterite,Coastal
Ramanathapuram,Tamil Nadu,12.5791,78.3646,0.91,37,489,18.6,Red Sandy,Semi-Arid
Salem,Tamil Nadu,12.5559,76.9881,1.5,30,2730,12.9,Laterite,Coastal
Sivaganga,Tamil Nadu,10.5137,76.6896,0.5,32,1103,19.7,Red Sandy,Tropical Wet-Dry
Thanjavur,Tamil Nadu,11.3219,76.7715,0.97,33,3343,4.3,Loamy,Coastal
The Nilgiris,Tamil Nadu,10.2581,79.5261,0.21,42,1518,48.3,Red Loam,Tropical Wet-Dry
Theni,Tamil Nadu,10.6746,77.3522,0.57,41,680,25.4,Alluvial,Semi-Arid
Tiruchirappalli,Tamil Nadu,9.4186,78.6613,1.16,38,1109,17.6,Red Sandy,Tropical Wet-Dry
Tirunelveli,Tamil Nadu,11.956,78.2991,0.55,44,740,14.8,Red Loam,Semi-Arid
Tiruppur,Tamil Nadu,9.4618,76.9928,0.9,31,3394,16.9,Red Loam,Coastal
Tiruvallur,Tamil Nadu,9.5381,77.5333,1.2,43,698,11.7,Red Sandy,Semi-Arid
Tiruvannamalai,Tamil Nadu,10.7762,80.0743,0.69,34,1886,5.1,Loamy,Coastal
Tiruvarur,Tamil Nadu,13.0958,77.787,0.91,41,1118,48.6,Laterite,Tropical Wet-Dry
Vellore,Tamil Nadu,11.0821,78.4311,0.41,37,858,25.3,Laterite,Semi-Arid
Viluppuram,Tamil Nadu,11.4376,79.0295,1.08,35,1688,12.8,Black,Coastal
Virudhunagar,Tamil Nadu,10.725,77.3369,0.74,35,2371,7.7,Clay,Coastal
Angul,Odisha,20.5162,83.6846,0.75,31,1505,3.4,Clay,Humid Subtropical
Balangir,Odisha,22.4166,85.3317,1.02,36,920,18.9,Alluvial,Tropical Wet-Dry
Balasore,Odisha,20.8237,86.7709,0.73,42,1044,21.9,Alluvial,Tropical Wet-Dry
Bargarh,Odisha,20.9979,86.2996,0.34,31,1387,15.1,Black,Humid Subtropical
Bhadrak,Odisha,22.8296,84.4979,0.54,42,830,28.9,Black,Tropical Wet-Dry
Boudh,Odisha,20.5959,86.3903,0.58,35,3429,9.2,Laterite,Coastal
Cuttack,Odisha,21.3442,85.8743,0.67,32,1951,23.7,Loamy,Humid Subtropical
Deogarh,Odisha,21.4829,83.9465,0.19,30,2024,6.5,Red Loam,Humid Subtropical
Dhenkanal,Odisha,21.7186,86.3408,0.26,33,2196,9.0,Black,Humid Subtropical
Gajapati,Odisha,19.7487,86.7551,0.73,33,1795,6.1,Red Sandy,Humid Subtropical
Ganjam,Odisha,19.0521,86.1514,0.46,35,1210,16.4,Red Sandy,Tropical Wet-Dry
Jagatsinghpur,Odisha,19.5506,83.8177,1.73,32,3207,8.6,Clay,Coastal
Jajpur,Odisha,22.6093,84.1304,0.45,34,1402,21.1,Red Loam,Tropical Wet-Dry
Jharsuguda,Odisha,21.6544,85.2703,1.61,36,2167,10.2,Loamy,Coastal
Kalahandi,Odisha,20.0821,85.0195,0.93,30,2658,6.7,Black,Coastal
Kandhamal,Odisha,19.0908,83.2785,0.96,34,2121,13.7,Clay,Coastal
Kendrapara,Odisha,19.9199,83.7183,0.26,32,2162,12.5,Loamy,Humid Subtropical
Kendujhar,Odisha,22.4507,83.3371,0.27,30,1769,13.5,Black,Humid Subtropical
Khordha,Odisha,21.9441,84.8269,1.08,32,2870,14.9,Clay,Coastal
Koraput,Odisha,19.345,85.9268,1.0,32,3006,14.6,Clay,Coastal
Malkangiri,Odisha,21.9642,83.7721,0.52,31,2170,16.5,Loamy,Coastal
Mayurbhanj,Odisha,21.8644,84.2808,0.26,33,1585,4.2,Loamy,Humid Subtropical
Nabarangpur,Odisha,20.7842,84.8255,0.33,38,1348,37.8,Black,Tropical Wet-Dry
Nayagarh,Odisha,20.0944,83.6721,0.15,30,1923,15.2,Clay,Humid Subtropical
Nuapada,Odisha,20.3491,86.7612,0.14,32,1589,14.3,Black,Humid Subtropical
Puri,Odisha,20.8886,84.7345,1.63,36,3336,5.4,Clay,Coastal
Rayagada,Odisha,21.7761,83.6256,1.02,39,1433,14.8,Red Loam,Tropical Wet-Dry
Sambalpur,Odisha,19.6258,84.9241,1.08,42,1439,25.6,Red Loam,Tropical Wet-Dry
Subarnapur,Odisha,22.1127,84.7043,0.46,40,1160,31.1,Alluvial,Tropical Wet-Dry
Sundargarh,Odisha,22.2645,83.7052,0.76,29,1854,5.5,Loamy,Humid Subtropical
Alipurduar,West Bengal,22.7648,88.2099,0.89,41,1183,47.1,Alluvial,Tropical Wet-Dry
Bankura,West Bengal,21.4881,88.8038,0.63,32,1086,30.2,Laterite,Tropical Wet-Dry
Birbhum,West Bengal,23.7388,86.0228,0.19,32,1816,13.1,Laterite,Humid Subtropical
Cooch Behar,West Bengal,22.5456,87.638,0.25,37,1833,13.4,Laterite,Humid Subtropical
Dakshin Dinajpur,West Bengal,24.0406,88.5893,0.74,35,1255,12.3,Laterite,Humid Subtropical
Darjeeling,West Bengal,24.5724,86.734,1.08,40,1574,45.1,Laterite,Tropical Wet-Dry
Hooghly,West Bengal,22.4331,89.5958,0.31,35,1522,3.2,Red Sandy,Humid Subtropical
Howrah,West Bengal,21.9526,87.2519,0.21,36,1801,23.3,Black,Humid Subtropical
Jalpaiguri,West Bengal,23.4929,88.9066,1.18,35,1225,30.4,Red Loam,Tropical Wet-Dry
Jhargram,West Bengal,24.4334,89.2287,0.32,36,1574,40.0,Alluvial,Tropical Wet-Dry
Kalimpong,West Bengal,22.5807,87.0026,0.72,38,1185,29.9,Red Sandy,Tropical Wet-Dry
Kolkata,West Bengal,21.631,89.4743,0.23,29,2064,4.1,Laterite,Humid Subtropical
Malda,West Bengal,23.6944,88.5246,0.13,34,1757,3.7,Red Loam,Humid Subtropical
Murshidabad,West Bengal,24.6691,88.2449,0.58,34,1728,11.8,Laterite,Humid Subtropical
Nadia,West Bengal,21.3202,89.6056,0.92,37,1383,35.6,Loamy,Tropical Wet-Dry
North 24 Parganas,West Bengal,22.5123,87.6019,0.7,32,1523,15.9,Laterite,Tropical Wet-Dry
Paschim Bardhaman,West Bengal,22.2748,88.9473,0.21,38,1469,20.2,Loamy,Humid Subtropical
Paschim Medinipur,West Bengal,21.3069,87.6412,0.49,32,1306,36.2,Red Loam,Tropical Wet-Dry
Purba Bardhaman,West Bengal,23.0869,85.8687,0.82,37,1157,19.5,Red Sandy,Tropical Wet-Dry
Purba Medinipur,West Bengal,23.8957,89.5872,0.22,34,1612,22.0,Loamy,Humid Subtropical
Purulia,West Bengal,21.6731,85.8878,0.58,38,1597,2.8,Red Loam,Humid Subtropical
South 24 Parganas,West Bengal,21.9184,85.9623,0.12,38,2127,24.6,Black,Humid Subtropical
Uttar Dinajpur,West Bengal,24.4974,89.1441,0.74,28,1322,6.5,Loamy,Humid Subtropical
Agar Malwa,Madhya Pradesh,21.8348,77.278,1.01,37,1283,20.0,Red Sandy,Tropical Wet-Dry
Alirajpur,Madhya Pradesh,23.4856,78.3111,1.09,39,892,45.2,Red Loam,Tropical Wet-Dry
Anuppur,Madhya Pradesh,22.7007,76.9783,1.55,36,760,16.7,Laterite,Semi-Arid
Ashoknagar,Madhya Pradesh,22.7072,79.994,0.46,35,770,30.5,Red Loam,Semi-Arid
Balaghat,Madhya Pradesh,22.2219,77.0199,0.88,44,726,24.6,Red Sandy,Semi-Arid
Barwani,Madhya Pradesh,21.1352,77.6549,0.85,34,1551,40.7,Alluvial,Tropical Wet-Dry
Betul,Madhya Pradesh,23.3548,77.0314,1.03,36,1549,45.5,Red Loam,Tropical Wet-Dry
Bhind,Madhya Pradesh,22.0009,79.7746,1.58,42,515,13.5,Alluvial,Semi-Arid
Bhopal,Madhya Pradesh,24.7716,80.1238,1.19,40,1123,19.2,Red Loam,Tropical Wet-Dry
Burhanpur,Madhya Pradesh,21.1902,77.9935,1.56,41,584,34.9,Alluvial,Semi-Arid
Chhatarpur,Madhya Pradesh,21.9653,78.339,0.81,35,1158,22.7,Clay,Tropical Wet-Dry
Chhindwara,Madhya Pradesh,22.1293,79.4435,0.79,34,933,43.3,Red Loam,Tropical Wet-Dry
Damoh,Madhya Pradesh,24.4869,77.4228,0.78,41,434,20.9,Loamy,Semi-Arid
Datia,Madhya Pradesh,22.4568,79.2547,0.51,39,757,6.9,Laterite,Semi-Arid
Dewas,Madhya Pradesh,23.033,76.7274,0.5,44,416,18.8,Red Sandy,Semi-Arid
Dhar,Madhya Pradesh,23.9983,79.0584,0.95,42,762,6.4,Red Loam,Semi-Arid
Dindori,Madhya Pradesh,23.4819,78.4602,0.55,40,1505,11.3,Loamy,Tropical Wet-Dry
Guna,Madhya Pradesh,22.9615,77.03,0.34,41,1377,34.6,Clay,Tropical Wet-Dry
Gwalior,Madhya Pradesh,22.9053,79.187,0.59,41,777,34.7,Red Sandy,Semi-Arid
Harda,Madhya Pradesh,24.8239,80.171,0.24,37,1503,21.5,Red Loam,Tropical Wet-Dry
Hoshangabad,Madhya Pradesh,23.3415,78.8489,0.58,42,620,14.6,Laterite,Semi-Arid
Indore,Madhya Pradesh,22.4001,78.941,1.17,35,1136,17.6,Alluvial,Tropical Wet-Dry
Jabalpur,Madhya Pradesh,23.3698,77.2629,0.23,32,1272,27.4,Black,Tropical Wet-Dry
Jhabua,Madhya Pradesh,21.0284,77.0702,1.16,43,812,16.4,Clay,Semi-Arid
Katni,Madhya Pradesh,24.7599,78.0648,1.58,39,465,31.3,Red Sandy,Semi-Arid
Khandwa,Madhya Pradesh,24.5122,80.2835,0.87,39,1376,42.7,Alluvial,Tropical Wet-Dry
Khargone,Madhya Pradesh,22.0992,76.9467,0.37,41,1433,15.9,Alluvial,Tropical Wet-Dry
Mandla,Madhya Pradesh,23.0672,78.0573,0.92,35,812,43.4,Laterite,Tropical Wet-Dry
Mandsaur,Madhya Pradesh,22.7872,79.8812,1.03,40,1399,31.4,Laterite,Tropical Wet-Dry
Morena,Madhya Pradesh,22.9863,80.3238,0.69,38,546,21.1,Laterite,Semi-Arid
Narsinghpur,Madhya Pradesh,22.3813,77.219,1.65,41,528,14.7,Alluvial,Semi-Arid
Neemuch,Madhya Pradesh,23.9555,80.2494,0.69,35,929,34.3,Black,Tropical Wet-Dry
Panna,Madhya Pradesh,23.6175,77.5027,1.95,40,624,15.2,Alluvial,Semi-Arid
Raisen,Madhya Pradesh,21.64,78.7051,1.31,43,851,33.5,Red Loam,Semi-Arid
Rajgarh,Madhya Pradesh,24.1574,77.8607,1.04,42,512,16.4,Black,Semi-Arid
Ratlam,Madhya Pradesh,22.7823,77.3893,1.07,38,455,15.7,Clay,Semi-Arid
Rewa,Madhya Pradesh,22.7397,77.5724,1.97,40,688,10.5,Laterite,Semi-Arid
Sagar,Madhya Pradesh,21.9958,80.2436,0.42,42,784,6.4,Clay,Semi-Arid
Satna,Madhya Pradesh,24.4021,80.3138,0.5,35,1340,18.1,Red Loam,Tropical Wet-Dry
Sehore,Madhya Pradesh,22.5618,77.7847,0.79,38,979,35.5,Red Sandy,Tropical Wet-Dry
Seoni,Madhya Pradesh,21.6639,76.9846,0.83,39,1344,48.9,Red Sandy,Tropical Wet-Dry
Shahdol,Madhya Pradesh,21.1276,80.5676,0.43,41,841,25.9,Red Sandy,Semi-Arid
Shajapur,Madhya Pradesh,22.3893,78.6745,0.32,34,1370,39.2,Clay,Tropical Wet-Dry
Sheopur,Madhya Pradesh,22.431,77.8279,1.19,37,1178,44.5,Loamy,Tropical Wet-Dry
Shivpuri,Madhya Pradesh,21.7157,77.3798,1.22,36,638,19.5,Red Loam,Semi-Arid
Sidhi,Madhya Pradesh,24.9303,78.8997,1.8,42,533,21.5,Red Sandy,Semi-Arid
Singrauli,Madhya Pradesh,22.0628,77.2693,0.73,42,945,31.8,Red Loam,Tropical Wet-Dry
Tikamgarh,Madhya Pradesh,21.3914,78.6014,0.87,36,1189,47.3,Black,Tropical Wet-Dry
Ujjain,Madhya Pradesh,23.6815,78.871,0.94,40,1423,30.8,Laterite,Tropical Wet-Dry
Umaria,Madhya Pradesh,23.6196,78.8476,0.87,42,792,14.7,Loamy,Semi-Arid
Vidisha,Madhya Pradesh,24.1666,76.7065,0.47,33,1272,23.5,Black,Tropical Wet-Dry
Agra,Uttar Pradesh,26.3104,80.8411,0.15,28,2015,21.8,Clay,Humid Subtropical
Aligarh,Uttar Pradesh,26.8013,81.4228,0.58,32,2188,7.2,Clay,Humid Subtropical
Allahabad,Uttar Pradesh,24.9416,79.1778,1.22,38,820,30.3,Red Sandy,Semi-Arid
Ambedkar Nagar,Uttar Pradesh,27.3511,81.0977,0.51,37,1658,22.0,Alluvial,Humid Subtropical
Amethi,Uttar Pradesh,26.4029,79.5422,1.7,40,783,29.3,Red Sandy,Semi-Arid
Amroha,Uttar Pradesh,27.9845,80.9853,0.93,36,781,13.5,Clay,Semi-Arid
Auraiya,Uttar Pradesh,27.0719,80.6897,0.98,40,626,16.6,Laterite,Semi-Arid
Azamgarh,Uttar Pradesh,26.8771,80.4847,0.31,31,1828,15.7,Red Sandy,Humid Subtropical
Baghpat,Uttar Pradesh,26.4266,81.7177,1.96,36,607,17.6,Red Loam,Semi-Arid
Bahraich,Uttar Pradesh,27.333,80.2686,0.89,39,804,11.0,Loamy,Semi-Arid
Ballia,Uttar Pradesh,26.2218,82.6613,0.11,36,1249,22.6,Clay,Humid Subtropical
Balrampur,Uttar Pradesh,25.1012,81.0337,1.78,40,458,10.3,Alluvial,Semi-Arid
Banda,Uttar Pradesh,25.5447,82.4789,0.62,35,660,11.2,Black,Semi-Arid
Barabanki,Uttar Pradesh,28.5338,80.4061,0.65,32,1957,14.0,Red Loam,Humid Subtropical
Bareilly,Uttar Pradesh,27.8693,80.6732,1.3,43,808,23.4,Black,Semi-Arid
Basti,Uttar Pradesh,28.0544,79.5052,1.7,42,842,10.0,Red Loam,Semi-Arid
Bhadohi,Uttar Pradesh,25.5661,82.0946,0.67,30,1755,24.8,Black,Humid Subtropical
Bijnor,Uttar Pradesh,25.3824,80.652,0.54,39,822,19.3,Laterite,Semi-Arid
Budaun,Uttar Pradesh,25.6878,81.2959,0.78,34,1588,15.8,Alluvial,Humid Subtropical
Bulandshahr,Uttar Pradesh,27.2427,81.7153,0.97,35,445,21.4,Red Sandy,Semi-Arid
Chandauli,Uttar Pradesh,28.7378,82.8958,0.57,32,1726,5.4,Black,Humid Subtropical
Chitrakoot,Uttar Pradesh,27.0966,79.1872,0.47,43,488,6.5,Laterite,Semi-Arid
Deoria,Uttar Pradesh,27.7988,82.3652,0.48,36,461,28.8,Laterite,Semi-Arid
Etah,Uttar Pradesh,25.5543,81.2576,0.96,42,752,13.4,Clay,Semi-Arid
Etawah,Uttar Pradesh,26.6006,82.5785,1.73,39,470,28.0,Loamy,Semi-Arid
Faizabad,Uttar Pradesh,27.8746,80.0245,0.3,35,1771,8.2,Loamy,Humid Subtropical
Farrukhabad,Uttar Pradesh,25.6832,82.6972,0.66,35,1210,9.1,Red Sandy,Humid Subtropical
Fatehpur,Uttar Pradesh,26.6383,79.2446,0.3,34,1763,14.1,Alluvial,Humid Subtropical
Firozabad,Uttar Pradesh,26.1177,82.0528,0.33,34,1481,15.7,Alluvial,Humid Subtropical
Gautam Buddha Nagar,Uttar Pradesh,27.9428,81.8993,0.45,36,1840,9.3,Alluvial,Humid Subtropical
Ghaziabad,Uttar Pradesh,26.4687,79.0533,0.58,33,2039,9.7,Black,Humid Subtropical
Ghazipur,Uttar Pradesh,25.9117,79.972,0.21,28,1270,19.6,Red Loam,Humid Subtropical
Gonda,Uttar Pradesh,26.0997,80.4889,0.78,44,513,5.4,Laterite,Semi-Arid
Gorakhpur,Uttar Pradesh,27.3242,81.0816,0.49,35,2139,21.6,Alluvial,Humid Subtropical
Hamirpur,Uttar Pradesh,27.9679,81.4262,0.86,37,860,8.8,Laterite,Semi-Arid
Hapur,Uttar Pradesh,28.1627,81.7717,0.6,42,460,17.2,Red Loam,Semi-Arid
Hardoi,Uttar Pradesh,25.3191,81.7425,1.89,37,816,32.3,Red Sandy,Semi-Arid
Hathras,Uttar Pradesh,27.9388,80.8203,1.91,39,870,34.7,Alluvial,Semi-Arid
Jalaun,Uttar Pradesh,26.2996,79.3412,1.16,39,811,31.6,Red Sandy,Semi-Arid
Jaunpur,Uttar Pradesh,28.494,80.1252,0.59,28,1897,3.5,Alluvial,Humid Subtropical
Jhansi,Uttar Pradesh,27.2489,79.6135,0.19,34,2131,10.0,Laterite,Humid Subtropical
Kannauj,Uttar Pradesh,28.0354,79.1407,0.56,34,1561,11.8,Clay,Humid Subtropical
Kanpur Dehat,Uttar Pradesh,25.1632,80.6918,0.26,37,1497,3.0,Red Loam,Humid Subtropical
Kanpur Nagar,Uttar Pradesh,28.4854,79.0491,0.61,43,775,21.3,Red Loam,Semi-Arid
Kasganj,Uttar Pradesh,28.5975,81.6217,1.71,42,761,25.0,Laterite,Semi-Arid
Kaushambi,Uttar Pradesh,25.5727,82.7844,0.61,29,1355,5.7,Laterite,Humid Subtropical
Kheri,Uttar Pradesh,26.9598,79.147,1.79,36,813,10.3,Alluvial,Semi-Arid
Kushinagar,Uttar Pradesh,27.9312,80.0883,0.52,29,1490,8.6,Red Sandy,Humid Subtropical
Lalitpur,Uttar Pradesh,26.5608,81.835,1.08,44,600,12.9,Red Sandy,Semi-Arid
Lucknow,Uttar Pradesh,27.5573,82.6397,0.37,36,1407,23.6,Black,Humid Subtropical
Maharajganj,Uttar Pradesh,27.3285,79.924,0.89,35,868,20.6,Clay,Semi-Arid
Mahoba,Uttar Pradesh,25.999,80.0024,0.65,34,2043,4.6,Clay,Humid Subtropical
Mainpuri,Uttar Pradesh,25.3158,79.9252,1.61,35,617,5.4,Black,Semi-Arid
Mathura,Uttar Pradesh,26.7123,79.6255,0.47,30,1470,7.8,Loamy,Humid Subtropical
Mau,Uttar Pradesh,25.3035,80.6927,1.55,43,829,32.8,Alluvial,Semi-Arid
Meerut,Uttar Pradesh,26.8415,81.5234,0.64,33,1643,5.6,Black,Humid Subtropical
Mirzapur,Uttar Pradesh,27.1369,82.5631,0.61,36,1747,18.9,Loamy,Humid Subtropical
Moradabad,Uttar Pradesh,26.414,81.9627,0.69,37,552,23.8,Laterite,Semi-Arid
Muzaffarnagar,Uttar Pradesh,26.1475,81.9652,1.01,36,693,17.4,Alluvial,Semi-Arid
Pilibhit,Uttar Pradesh,27.7061,80.8337,0.32,34,1644,13.2,Laterite,Humid Subtropical
Pratapgarh,Uttar Pradesh,24.9271,79.6281,0.68,36,1455,6.9,Clay,Humid Subtropical
Raebareli,Uttar Pradesh,25.3787,79.5133,0.48,40,482,28.8,Red Loam,Semi-Arid
Rampur,Uttar Pradesh,25.0472,80.3589,0.49,37,1695,17.9,Alluvial,Humid Subtropical
Saharanpur,Uttar Pradesh,27.4768,80.7263,0.23,34,1614,18.1,Red Loam,Humid Subtropical
Sambhal,Uttar Pradesh,26.3239,81.7274,0.23,30,1256,22.4,Loamy,Humid Subtropical
Sant Kabir Nagar,Uttar Pradesh,25.0545,80.4567,0.71,41,838,17.8,Alluvial,Semi-Arid
Shahjahanpur,Uttar Pradesh,28.1408,82.0096,1.55,38,442,10.0,Clay,Semi-Arid
Shamli,Uttar Pradesh,27.7073,82.9142,1.77,42,689,9.0,Red Loam,Semi-Arid
Shravasti,Uttar Pradesh,27.5292,81.5753,1.26,44,419,19.3,Red Loam,Semi-Arid
Siddharthnagar,Uttar Pradesh,26.7276,79.5808,0.6,30,1423,2.6,Clay,Humid Subtropical
Sitapur,Uttar Pradesh,26.1511,80.7774,0.6,30,1990,2.2,Alluvial,Humid Subtropical
Sonbhadra,Uttar Pradesh,24.979,79.6232,1.88,35,713,16.3,Black,Semi-Arid
Sultanpur,Uttar Pradesh,28.8011,82.9383,0.12,31,1646,5.5,Black,Humid Subtropical
Unnao,Uttar Pradesh,28.2686,82.1029,1.01,36,569,15.0,Alluvial,Semi-Arid
Varanasi,Uttar Pradesh,25.8764,80.8934,0.59,30,2073,8.6,Laterite,Humid Subtropical
Araria,Bihar,23.1015,84.4989,0.95,33,955,29.5,Alluvial,Tropical Wet-Dry
Arwal,Bihar,25.873,86.915,0.62,32,1577,21.3,Loamy,Tropical Wet-Dry
Aurangabad,Bihar,26.2451,85.1807,0.4,35,1069,49.4,Black,Tropical Wet-Dry
Banka,Bihar,26.7432,87.0315,0.75,34,1514,32.4,Red Loam,Tropical Wet-Dry
Begusarai,Bihar,26.4704,86.5956,0.97,36,1483,36.5,Clay,Tropical Wet-Dry
Bhagalpur,Bihar,25.7264,85.6825,0.3,31,1474,4.5,Clay,Humid Subtropical
Bhojpur,Bihar,24.2344,86.4888,0.41,32,2004,3.7,Clay,Humid Subtropical
Buxar,Bihar,26.5771,84.3944,0.18,35,2117,20.3,Black,Humid Subtropical
Darbhanga,Bihar,26.6676,86.1934,0.73,38,1032,17.8,Red Sandy,Tropical Wet-Dry
East Champaran,Bihar,24.828,86.1731,0.77,37,1534,16.1,Loamy,Humid Subtropical
Gaya,Bihar,26.7112,83.7248,0.79,42,1322,49.3,Red Loam,Tropical Wet-Dry
Gopalganj,Bihar,23.9914,86.3992,0.37,33,1798,22.5,Red Sandy,Humid Subtropical
Jamui,Bihar,25.9312,86.8016,0.33,32,1934,3.4,Red Sandy,Humid Subtropical
Jehanabad,Bihar,24.7148,84.984,0.42,38,1288,10.2,Red Loam,Tropical Wet-Dry
Kaimur,Bihar,25.866,83.8288,0.71,29,2080,17.9,Red Sandy,Humid Subtropical
Katihar,Bihar,26.6757,86.1804,0.28,42,1549,30.2,Black,Tropical Wet-Dry
Khagaria,Bihar,24.6137,84.5315,0.28,38,1416,2.8,Red Sandy,Humid Subtropical
Kishanganj,Bihar,24.8665,86.0911,1.08,36,1419,44.0,Clay,Tropical Wet-Dry
Lakhisarai,Bihar,26.7944,84.8429,0.77,37,1549,14.6,Red Sandy,Tropical Wet-Dry
Madhepura,Bihar,25.9734,85.1951,0.38,31,2032,22.4,Alluvial,Humid Subtropical
Madhubani,Bihar,25.211,84.6635,0.7,33,2003,4.3,Red Loam,Humid Subtropical
Munger,Bihar,25.1273,84.9903,0.43,36,808,17.1,Loamy,Tropical Wet-Dry
Muzaffarpur,Bihar,25.4873,87.2318,1.09,37,1199,42.4,Clay,Tropical Wet-Dry
Nalanda,Bihar,23.9527,84.9952,0.17,29,1375,18.9,Black,Humid Subtropical
Nawada,Bihar,26.6497,84.3174,0.21,37,1617,9.7,Laterite,Humid Subtropical
Patna,Bihar,25.3769,84.5853,1.1,38,1167,11.1,Red Sandy,Tropical Wet-Dry
Purnia,Bihar,23.4455,83.5891,0.46,32,1868,24.9,Laterite,Humid Subtropical
Rohtas,Bihar,27.0503,86.7905,0.77,29,2077,22.6,Red Loam,Humid Subtropical
Saharsa,Bihar,25.7985,85.5578,0.66,33,860,35.9,Red Sandy,Tropical Wet-Dry
Samastipur,Bihar,25.4891,83.9353,0.41,35,1208,18.3,Laterite,Humid Subtropical
Saran,Bihar,25.1498,84.3278,0.65,35,1928,14.8,Black,Humid Subtropical
Sheikhpura,Bihar,24.1744,84.0028,0.8,37,1716,16.9,Alluvial,Humid Subtropical
Sheohar,Bihar,24.1505,86.1803,0.76,33,2111,4.2,Clay,Humid Subtropical
Sitamarhi,Bihar,24.7906,85.7792,0.56,37,1938,22.5,Clay,Humid Subtropical
Siwan,Bihar,26.1954,86.6458,0.56,28,2153,11.8,Loamy,Humid Subtropical
Supaul,Bihar,23.9192,87.068,0.13,35,1254,11.1,Clay,Humid Subtropical
Vaishali,Bihar,23.7148,84.1114,0.33,36,1287,13.9,Red Loam,Tropical Wet-Dry
West Champaran,Bihar,25.6394,84.5743,0.54,35,1606,9.8,Loamy,Humid Subtropical
Ajmer,Rajasthan,28.7275,73.2834,1.07,37,502,28.2,Alluvial,Semi-Arid
Alwar,Rajasthan,26.4503,74.4079,3.44,41,298,10.2,Alluvial,Arid
Banswara,Rajasthan,26.5413,75.9093,1.62,42,331,2.3,Black,Arid
Baran,Rajasthan,25.0926,74.947,2.07,46,293,5.5,Laterite,Arid
Barmer,Rajasthan,28.628,73.7984,1.97,43,462,27.0,Clay,Semi-Arid
Bharatpur,Rajasthan,28.5021,73.7795,3.29,41,423,3.1,Alluvial,Arid
Bhilwara,Rajasthan,28.7109,75.0053,2.74,45,410,0.3,Alluvial,Arid
Bikaner,Rajasthan,25.4449,74.2306,1.23,44,582,26.8,Clay,Semi-Arid
Bundi,Rajasthan,26.4012,75.2393,1.68,40,280,6.8,Clay,Arid
Chittorgarh,Rajasthan,27.5083,72.9599,1.84,35,779,6.6,Clay,Semi-Arid
Churu,Rajasthan,28.3243,75.9982,1.36,40,848,19.4,Red Sandy,Semi-Arid
Dausa,Rajasthan,26.8255,73.4579,1.19,40,562,8.0,Red Loam,Semi-Arid
Dholpur,Rajasthan,27.9396,72.4112,1.16,36,802,6.1,Red Loam,Semi-Arid
Dungarpur,Rajasthan,26.4445,72.69,3.04,42,431,3.1,Black,Arid
Hanumangarh,Rajasthan,27.6597,75.8392,2.74,43,509,9.5,Black,Arid
Jaipur,Rajasthan,26.9074,73.5146,1.94,38,556,33.5,Loamy,Semi-Arid
Jaisalmer,Rajasthan,28.5835,72.5179,0.78,37,766,5.9,Clay,Semi-Arid
Jalore,Rajasthan,26.0348,73.6328,1.74,42,349,10.6,Laterite,Arid
Jhalawar,Rajasthan,26.1664,73.2568,1.76,47,311,9.7,Red Sandy,Arid
Jhunjhunu,Rajasthan,28.9401,73.3454,2.95,42,321,2.2,Laterite,Arid
Jodhpur,Rajasthan,26.7386,74.8097,3.12,46,404,8.3,Clay,Arid
Karauli,Rajasthan,26.7604,72.7395,2.53,41,567,4.2,Loamy,Arid
Kota,Rajasthan,27.2683,73.2436,1.21,41,753,32.1,Loamy,Semi-Arid
Nagaur,Rajasthan,27.8448,72.6527,2.73,48,393,13.5,Laterite,Arid
Pali,Rajasthan,25.772,76.1117,0.79,42,822,7.1,Black,Semi-Arid
Pratapgarh,Rajasthan,26.196,75.3219,1.84,39,698,31.6,Alluvial,Semi-Arid
Rajsamand,Rajasthan,25.5261,73.7666,2.55,45,450,6.3,Red Sandy,Arid
Sawai Madhopur,Rajasthan,28.016,72.4423,2.9,43,284,12.7,Alluvial,Arid
Sikar,Rajasthan,26.2078,73.939,0.94,35,883,24.2,Alluvial,Semi-Arid
Sirohi,Rajasthan,26.9652,74.659,0.42,39,591,14.8,Clay,Semi-Arid
Sri Ganganagar,Rajasthan,27.8818,73.9553,0.51,42,881,27.9,Alluvial,Semi-Arid
Tonk,Rajasthan,28.2248,73.4827,1.04,44,886,14.8,Alluvial,Semi-Arid
Udaipur,Rajasthan,25.9495,75.9902,0.62,42,720,20.1,Loamy,Semi-Arid
Ahmedabad,Gujarat,23.9675,70.9393,0.78,41,615,30.2,Laterite,Semi-Arid
Amreli,Gujarat,23.3099,71.8231,2.37,31,3100,10.9,Laterite,Coastal
Anand,Gujarat,22.1337,71.7429,0.89,40,880,19.9,Red Sandy,Semi-Arid
Aravalli,Gujarat,21.1852,69.959,2.19,30,3479,3.7,Laterite,Coastal
Banaskantha,Gujarat,21.0599,72.6752,1.78,31,3122,4.4,Black,Coastal
Bharuch,Gujarat,20.6839,72.5475,1.85,46,246,1.5,Alluvial,Arid
Bhavnagar,Gujarat,23.1997,73.0503,1.95,39,759,17.9,Red Sandy,Semi-Arid
Botad,Gujarat,22.3472,72.2237,1.61,34,2083,9.6,Red Loam,Coastal
Chhota Udaipur,Gujarat,23.8212,70.9148,1.56,34,2103,14.7,Black,Coastal
Dahod,Gujarat,22.3232,69.4407,0.68,34,2463,6.8,Clay,Coastal
Dang,Gujarat,20.4184,73.0412,0.87,36,719,27.3,Alluvial,Semi-Arid
Devbhoomi Dwarka,Gujarat,23.2904,72.883,2.56,43,379,10.9,Laterite,Arid
Gandhinagar,Gujarat,20.9698,70.8707,1.04,44,656,18.5,Clay,Semi-Arid
Gir Somnath,Gujarat,22.5693,72.6876,0.66,32,3476,4.2,Laterite,Coastal
Jamnagar,Gujarat,22.5371,71.7041,2.14,35,3359,10.2,Loamy,Coastal
Junagadh,Gujarat,22.9098,70.4435,2.08,40,204,2.7,Red Sandy,Arid
Kheda,Gujarat,23.5289,72.3007,1.37,46,468,6.7,Red Loam,Arid
Kutch,Gujarat,23.834,69.4965,1.17,35,1548,1.9,Black,Coastal
Mahisagar,Gujarat,23.3062,71.6778,1.61,41,765,28.7,Alluvial,Semi-Arid
Mehsana,Gujarat,23.953,69.9036,1.42,33,2342,6.0,Laterite,Coastal
Morbi,Gujarat,21.7937,70.4799,2.59,42,476,13.7,Laterite,Arid
Narmada,Gujarat,23.0124,71.2789,3.0,38,287,14.6,Red Sandy,Arid
Navsari,Gujarat,22.7246,72.9557,1.64,43,890,13.5,Black,Semi-Arid
Panchmahal,Gujarat,22.6175,70.0362,2.24,33,3139,13.5,Clay,Coastal
Patan,Gujarat,23.3327,70.1997,1.64,45,568,3.7,Red Sandy,Arid
Porbandar,Gujarat,22.4867,72.5163,0.76,43,669,18.2,Laterite,Semi-Arid
Rajkot,Gujarat,23.258,71.917,1.16,48,233,10.2,Red Sandy,Arid
Sabarkantha,Gujarat,23.2449,69.5328,0.51,37,588,30.3,Laterite,Semi-Arid
Surat,Gujarat,23.031,71.4005,1.7,42,431,12.7,Loamy,Semi-Arid
Surendranagar,Gujarat,23.2615,69.8634,0.47,41,534,10.2,Red Sandy,Semi-Arid
Tapi,Gujarat,22.0329,69.9961,0.7,34,2098,1.6,Alluvial,Coastal
Vadodara,Gujarat,23.2427,71.8515,1.09,40,472,4.1,Loamy,Arid
Valsad,Gujarat,23.3168,71.2715,1.8,39,653,10.7,Red Sandy,Semi-Arid
Balod,Chhattisgarh,20.0736,83.8541,1.04,38,930,39.7,Alluvial,Tropical Wet-Dry
Baloda Bazar,Chhattisgarh,21.643,82.4357,0.68,40,1433,43.5,Laterite,Tropical Wet-Dry
Balrampur,Chhattisgarh,21.0344,80.8476,0.44,31,1839,12.2,Laterite,Humid Subtropical
Bastar,Chhattisgarh,20.8196,80.6206,0.72,34,2039,18.0,Clay,Humid Subtropical
Bemetara,Chhattisgarh,20.2924,82.8318,0.12,37,1629,12.6,Alluvial,Humid Subtropical
Bijapur,Chhattisgarh,22.1624,80.7664,0.45,35,1535,24.7,Red Sandy,Tropical Wet-Dry
Bilaspur,Chhattisgarh,21.2004,81.3463,0.29,35,1928,11.2,Clay,Humid Subtropical
Dantewada,Chhattisgarh,22.7675,82.2421,0.78,39,1531,39.9,Laterite,Tropical Wet-Dry
Dhamtari,Chhattisgarh,23.0451,80.5218,1.16,36,1004,38.5,Black,Tropical Wet-Dry
Durg,Chhattisgarh,19.9957,81.1286,0.43,38,1706,8.6,Black,Humid Subtropical
Gariaband,Chhattisgarh,19.6844,83.7489,0.61,38,1561,35.1,Clay,Tropical Wet-Dry
Janjgir-Champa,Chhattisgarh,20.1452,80.1655,0.75,33,1223,16.0,Red Loam,Tropical Wet-Dry
Jashpur,Chhattisgarh,19.4179,82.183,0.38,38,1414,15.4,Black,Humid Subtropical
Kabirdham,Chhattisgarh,22.9093,83.131,0.91,35,1356,38.3,Clay,Tropical Wet-Dry
Kanker,Chhattisgarh,20.7457,81.8551,0.89,32,1170,13.7,Black,Tropical Wet-Dry
Kondagaon,Chhattisgarh,20.3928,80.966,0.64,31,1330,3.1,Loamy,Humid Subtropical
Korba,Chhattisgarh,19.7258,81.8903,0.4,38,2150,4.9,Clay,Humid Subtropical
Koriya,Chhattisgarh,22.712,82.1598,0.74,35,1606,3.2,Red Loam,Humid Subtropical
Mahasamund,Chhattisgarh,20.4241,82.4604,0.49,42,1350,37.8,Laterite,Tropical Wet-Dry
Mungeli,Chhattisgarh,22.5164,80.1697,0.73,35,848,12.5,Clay,Tropical Wet-Dry
Narayanpur,Chhattisgarh,22.3548,80.9964,0.5,35,1334,31.6,Alluvial,Tropical Wet-Dry
Raigarh,Chhattisgarh,23.1242,81.0994,0.71,30,2069,23.1,Laterite,Humid Subtropical
Raipur,Chhattisgarh,19.3674,80.2084,0.25,36,1363,15.8,Red Sandy,Humid Subtropical
Rajnandgaon,Chhattisgarh,20.7214,82.2713,0.99,39,888,40.1,Red Sandy,Tropical Wet-Dry
Sukma,Chhattisgarh,19.965,80.6294,0.5,35,1547,39.5,Red Loam,Tropical Wet-Dry
Surajpur,Chhattisgarh,19.9782,81.0136,0.79,38,1436,29.6,Loamy,Tropical Wet-Dry
Surguja,Chhattisgarh,22.578,81.1768,0.51,39,1315,15.8,Black,Tropical Wet-Dry
Bokaro,Jharkhand,24.0405,87.1698,0.18,33,1493,22.3,Black,Humid Subtropical
Chatra,Jharkhand,25.5114,85.5047,0.29,36,990,34.2,Black,Tropical Wet-Dry
Deoghar,Jharkhand,21.8632,84.1349,0.53,35,1019,32.8,Laterite,Tropical Wet-Dry
Dhanbad,Jharkhand,25.5908,85.2383,0.4,32,1540,9.9,Alluvial,Humid Subtropical
Dumka,Jharkhand,21.7081,84.9512,1.18,42,1065,22.2,Red Loam,Tropical Wet-Dry
East Singhbhum,Jharkhand,24.4342,85.2847,1.12,38,1346,10.6,Laterite,Tropical Wet-Dry
Garhwa,Jharkhand,22.5232,83.924,0.53,28,1209,17.8,Red Loam,Humid Subtropical
Giridih,Jharkhand,21.8252,83.6325,0.37,37,1391,47.7,Red Sandy,Tropical Wet-Dry
Godda,Jharkhand,22.6185,85.1607,0.32,30,1738,8.3,Alluvial,Humid Subtropical
Gumla,Jharkhand,21.9804,84.7593,0.42,37,1719,11.6,Loamy,Humid Subtropical
Hazaribagh,Jharkhand,22.7215,87.1403,0.22,37,1236,34.2,Red Sandy,Tropical Wet-Dry
Jamtara,Jharkhand,22.6685,85.8252,0.66,34,1826,24.7,Alluvial,Humid Subtropical
Khunti,Jharkhand,23.8615,86.6823,0.16,37,1675,2.9,Loamy,Humid Subtropical
Koderma,Jharkhand,24.7081,86.8434,0.49,38,2187,2.2,Loamy,Humid Subtropical
Latehar,Jharkhand,25.0555,84.271,0.33,32,1215,18.7,Alluvial,Tropical Wet-Dry
Lohardaga,Jharkhand,25.1439,87.1903,0.76,37,1208,26.2,Alluvial,Tropical Wet-Dry
Pakur,Jharkhand,22.9205,86.2279,0.52,31,1525,4.9,Clay,Humid Subtropical
Palamu,Jharkhand,21.762,84.3981,0.57,36,1043,25.1,Black,Tropical Wet-Dry
Ramgarh,Jharkhand,23.7399,86.0644,0.33,41,1048,47.0,Alluvial,Tropical Wet-Dry
Ranchi,Jharkhand,23.6139,84.2917,0.78,38,1205,12.8,Alluvial,Tropical Wet-Dry
Sahebganj,Jharkhand,23.2944,85.5413,0.51,36,1827,10.6,Clay,Humid Subtropical
Seraikela Kharsawan,Jharkhand,23.9916,86.3989,0.55,38,1220,46.4,Loamy,Tropical Wet-Dry
Simdega,Jharkhand,24.5519,85.7258,0.48,31,1805,5.5,Red Sandy,Humid Subtropical
West Singhbhum,Jharkhand,25.3525,86.8033,0.79,38,1448,16.3,Red Loam,Humid Subtropical
Ambala,Haryana,29.8659,78.0624,0.42,29,1659,14.7,Black,Humid Subtropical
Bhiwani,Haryana,29.862,75.0637,1.92,41,861,27.4,Loamy,Semi-Arid
Charkhi Dadri,Haryana,30.5178,74.7371,0.15,36,1838,19.2,Clay,Humid Subtropical
Faridabad,Haryana,30.1118,75.3181,1.33,37,767,26.6,Alluvial,Semi-Arid
Fatehabad,Haryana,30.315,76.8351,1.65,41,881,15.5,Alluvial,Semi-Arid
Gurugram,Haryana,29.1432,75.0237,0.59,30,2100,11.9,Black,Humid Subtropical
Hisar,Haryana,29.6583,76.3511,0.91,36,684,10.9,Red Loam,Semi-Arid
Jhajjar,Haryana,30.3713,75.0602,1.85,44,738,32.5,Laterite,Semi-Arid
Jind,Haryana,30.2133,77.3362,0.4,30,2041,11.8,Loamy,Humid Subtropical
Kaithal,Haryana,29.4232,74.0966,0.9,42,711,6.6,Clay,Semi-Arid
Karnal,Haryana,29.9276,75.6795,0.18,30,1221,5.8,Red Sandy,Humid Subtropical
Kurukshetra,Haryana,27.0898,77.4356,0.63,32,2168,12.5,Black,Humid Subtropical
Mahendragarh,Haryana,29.5325,74.4733,1.22,40,439,19.4,Black,Semi-Arid
Nuh,Haryana,29.3173,77.2282,0.91,39,756,15.2,Loamy,Semi-Arid
Palwal,Haryana,30.8689,74.2322,1.67,38,532,34.0,Black,Semi-Arid
Panchkula,Haryana,29.7736,75.1042,1.79,41,696,10.1,Black,Semi-Arid
Panipat,Haryana,28.4924,75.9214,0.52,32,1949,20.8,Laterite,Humid Subtropical
Rewari,Haryana,27.4287,77.573,0.98,40,615,20.9,Loamy,Semi-Arid
Rohtak,Haryana,28.3884,75.1777,0.28,31,1760,20.7,Clay,Humid Subtropical
Sirsa,Haryana,28.9197,76.6687,0.5,38,1543,22.3,Black,Humid Subtropical
Sonipat,Haryana,27.0836,76.5556,0.43,33,1963,5.0,Red Loam,Humid Subtropical
Yamunanagar,Haryana,29.2782,76.1286,0.74,36,2186,13.7,Black,Humid Subtropical
Amritsar,Punjab,30.4977,75.7123,0.56,36,1432,11.3,Loamy,Humid Subtropical
Barnala,Punjab,30.3748,76.7503,0.7,29,1512,13.5,Alluvial,Humid Subtropical
Bathinda,Punjab,32.3399,75.4568,0.55,29,1791,22.8,Black,Humid Subtropical
Faridkot,Punjab,31.1141,76.9329,0.75,30,2044,22.4,Loamy,Humid Subtropical
Fatehgarh Sahib,Punjab,30.2213,74.4641,0.26,34,2132,21.4,Alluvial,Humid Subtropical
Fazilka,Punjab,31.6078,76.5607,1.42,41,614,29.6,Red Loam,Semi-Arid
Ferozepur,Punjab,29.2287,76.3063,0.67,36,781,11.9,Black,Semi-Arid
Gurdaspur,Punjab,32.8144,74.1464,1.7,35,410,25.7,Alluvial,Semi-Arid
Hoshiarpur,Punjab,30.9781,76.3197,1.5,36,461,12.4,Black,Semi-Arid
Jalandhar,Punjab,30.9711,76.8144,0.42,30,1578,12.1,Laterite,Humid Subtropical
Kapurthala,Punjab,30.4412,74.5339,1.94,43,569,16.7,Laterite,Semi-Arid
Ludhiana,Punjab,32.6073,73.436,0.13,32,1293,3.4,Red Sandy,Humid Subtropical
Mansa,Punjab,30.3274,75.3839,1.85,41,877,27.1,Clay,Semi-Arid
Moga,Punjab,31.7229,74.4007,0.56,42,689,8.6,Laterite,Semi-Arid
Mohali,Punjab,31.0669,74.0291,0.42,31,1621,16.2,Loamy,Humid Subtropical
Muktsar,Punjab,30.2023,74.4491,0.11,35,1820,10.0,Laterite,Humid Subtropical
Pathankot,Punjab,29.4732,75.5322,1.52,39,559,8.6,Clay,Semi-Arid
Patiala,Punjab,32.0756,76.3349,0.33,30,1424,9.2,Clay,Humid Subtropical
Rupnagar,Punjab,30.3969,74.8164,0.41,35,691,21.3,Alluvial,Semi-Arid
Sangrur,Punjab,32.9313,77.2543,1.22,42,888,7.3,Loamy,Semi-Arid
Shaheed Bhagat Singh Nagar,Punjab,31.6388,74.7066,1.97,38,891,14.8,Loamy,Semi-Arid
Tarn Taran,Punjab,32.3909,73.8609,1.41,36,435,28.9,Laterite,Semi-Arid
Baksa,Assam,24.9981,92.558,0.27,24,1423,28.3,Loamy,Mountain
Barpeta,Assam,27.7704,91.6483,0.11,33,1810,3.2,Red Sandy,Humid Subtropical
Biswanath,Assam,25.5721,94.8082,0.14,33,1783,2.6,Black,Humid Subtropical
Bongaigaon,Assam,27.9378,92.7964,0.28,23,1181,44.2,Red Loam,Mountain
Cachar,Assam,25.5091,94.3147,0.17,30,1600,17.9,Loamy,Humid Subtropical
Charaideo,Assam,24.2355,94.5078,0.47,21,1170,41.5,Loamy,Mountain
Chirang,Assam,25.837,94.3724,0.48,25,1618,50.5,Loamy,Mountain
Darrang,Assam,26.537,91.9148,0.44,20,1326,18.0,Loamy,Mountain
Dhemaji,Assam,27.5823,94.7108,0.26,26,1547,59.1,Red Loam,Mountain
Dhubri,Assam,27.3644,91.0128,0.15,26,808,36.4,Black,Mountain
Dibrugarh,Assam,27.0818,93.0383,0.3,21,1021,22.0,Black,Mountain
Dima Hasao,Assam,26.0034,92.6518,0.3,38,1346,14.5,Loamy,Humid Subtropical
Goalpara,Assam,24.4776,94.4449,0.1,31,1809,18.1,Clay,Humid Subtropical
Golaghat,Assam,27.6614,93.3063,0.18,28,1526,10.1,Red Sandy,Humid Subtropical
Hailakandi,Assam,25.2721,92.9999,0.26,21,1675,28.7,Laterite,Mountain
Hojai,Assam,25.304,92.4179,0.11,31,2075,12.7,Red Loam,Humid Subtropical
Jorhat,Assam,25.5312,92.9613,0.11,38,1979,18.8,Loamy,Humid Subtropical
Kamrup,Assam,24.8801,94.8529,0.36,26,972,17.5,Black,Mountain
Kamrup Metropolitan,Assam,25.3053,94.4205,0.44,32,1331,23.9,Black,Mountain
Karbi Anglong,Assam,26.8099,92.4757,0.24,23,1117,38.9,Black,Mountain
Karimganj,Assam,24.3865,93.7677,0.41,24,1584,19.1,Black,Mountain
Kokrajhar,Assam,25.0297,93.7514,0.44,31,2199,5.3,Black,Humid Subtropical
Lakhimpur,Assam,25.2235,94.5657,0.37,29,1615,59.5,Laterite,Mountain
Majuli,Assam,24.6344,91.5618,0.15,28,999,37.3,Loamy,Mountain
Morigaon,Assam,26.1308,91.3913,0.53,28,1388,16.2,Red Loam,Humid Subtropical
Nagaon,Assam,26.9928,91.5162,0.49,21,1414,44.7,Loamy,Mountain
Nalbari,Assam,25.968,92.0295,0.44,33,2041,12.3,Clay,Humid Subtropical
Sivasagar,Assam,24.8411,92.8812,0.38,21,1375,28.4,Black,Mountain
Sonitpur,Assam,28.1192,92.0828,0.3,34,1790,13.1,Red Loam,Humid Subtropical
South Salmara-Mankachar,Assam,25.1917,93.6961,0.24,38,1317,11.3,Laterite,Humid Subtropical
Tinsukia,Assam,25.6254,91.2985,0.36,34,1336,11.0,Loamy,Humid Subtropical
Udalguri,Assam,24.9527,91.4984,0.5,38,1437,23.5,Red Sandy,Humid Subtropical
West Karbi Anglong,Assam,25.6648,93.93,0.43,25,1010,53.6,Laterite,Mountain
Alappuzha,Kerala,11.8208,78.0783,1.86,31,2367,1.0,Red Sandy,Coastal
Ernakulam,Kerala,9.857,74.7761,1.89,30,3087,5.5,Red Sandy,Coastal
Idukki,Kerala,9.832,78.0004,0.74,38,2107,6.6,Red Sandy,Humid Subtropical
Kannur,Kerala,11.4592,74.6606,1.77,36,3346,20.0,Loamy,Coastal
Kasaragod,Kerala,9.963,75.1668,0.59,37,1200,2.4,Laterite,Humid Subtropical
Kollam,Kerala,10.9031,74.4047,1.52,33,2911,3.5,Black,Coastal
Kottayam,Kerala,8.9169,77.4771,0.2,37,1745,14.9,Loamy,Humid Subtropical
Kozhikode,Kerala,8.9071,77.5714,0.77,31,1822,19.3,Alluvial,Coastal
Malappuram,Kerala,10.8356,74.8037,0.4,30,2025,12.6,Loamy,Humid Subtropical
Palakkad,Kerala,11.786,77.9505,1.62,36,2828,8.4,Clay,Coastal
Pathanamthitta,Kerala,11.0275,76.4625,0.55,29,1705,8.6,Alluvial,Humid Subtropical
Thiruvananthapuram,Kerala,11.1204,75.9237,0.77,36,2159,11.6,Red Sandy,Humid Subtropical
Thrissur,Kerala,11.4688,76.7657,0.73,35,3014,19.9,Laterite,Coastal
Wayanad,Kerala,9.8813,77.7001,1.07,32,3213,6.2,Black,Coastal
Bilaspur,Himachal Pradesh,29.1267,78.5246,0.16,22,1793,55.8,Black,Mountain
Chamba,Himachal Pradesh,30.3461,75.6198,0.12,20,1059,39.2,Laterite,Mountain
Hamirpur,Himachal Pradesh,32.9153,77.405,0.19,28,803,45.2,Laterite,Mountain
Kangra,Himachal Pradesh,30.5575,75.7894,0.44,26,1074,43.2,Loamy,Mountain
Kinnaur,Himachal Pradesh,29.6647,78.4373,0.13,38,2025,10.3,Clay,Humid Subtropical
Kullu,Himachal Pradesh,29.3958,77.8717,0.2,31,1088,46.4,Loamy,Mountain
Lahaul and Spiti,Himachal Pradesh,30.7368,76.3212,0.45,31,1430,22.6,Loamy,Mountain
Mandi,Himachal Pradesh,30.8196,76.0359,0.13,34,2077,22.9,Loamy,Humid Subtropical
Shimla,Himachal Pradesh,30.7876,75.6352,0.66,31,1927,15.5,Laterite,Humid Subtropical
Sirmaur,Himachal Pradesh,29.8882,76.6014,0.23,33,1570,16.7,Alluvial,Humid Subtropical
Solan,Himachal Pradesh,31.0889,76.3117,0.53,33,1407,13.6,Clay,Humid Subtropical
Una,Himachal Pradesh,31.8683,79.0335,0.13,25,1178,38.4,Red Loam,Mountain
Almora,Uttarakhand,30.3235,77.9329,0.21,36,2020,17.7,Black,Humid Subtropical
Bageshwar,Uttarakhand,29.177,80.8214,0.27,24,813,27.1,Loamy,Mountain
Chamoli,Uttarakhand,29.329,80.8062,0.17,30,1805,23.7,Black,Humid Subtropical
Champawat,Uttarakhand,28.941,79.7128,0.79,35,1477,10.1,Laterite,Humid Subtropical
Dehradun,Uttarakhand,31.2058,78.5774,0.46,23,1447,15.1,Laterite,Mountain
Haridwar,Uttarakhand,29.5364,78.8861,0.15,32,909,20.1,Red Sandy,Mountain
Nainital,Uttarakhand,31.3974,80.7243,0.48,20,1205,34.0,Loamy,Mountain
Pauri Garhwal,Uttarakhand,29.1215,79.6751,0.49,20,929,59.8,Black,Mountain
Pithoragarh,Uttarakhand,30.5627,77.5955,0.32,27,1004,15.9,Black,Mountain
Rudraprayag,Uttarakhand,29.4694,79.1304,0.63,29,2152,18.0,Alluvial,Humid Subtropical
Tehri Garhwal,Uttarakhand,28.7946,78.1771,0.24,30,1614,16.1,Clay,Humid Subtropical
Udham Singh Nagar,Uttarakhand,31.1241,78.372,0.69,33,1676,22.6,Alluvial,Humid Subtropical
Uttarkashi,Uttarakhand,29.8008,78.1258,0.43,31,1847,9.1,Black,Humid Subtropical
North Goa,Goa,15.851,73.1259,0.51,33,1785,3.6,Loamy,Humid Subtropical
South Goa,Goa,15.8011,74.8509,2.37,32,2455,17.3,Laterite,Coastal
